{
  "views": [
    {
      "elements": [
        "Level Reference",
        "Artificial Horizon",
        "Compass",
        "Altitude",
        "G Load",
        "Roll Indicator",
        "Groundspeed",
        "ADSB Reticles",
        "ADSB Target Bugs Only"
      ],
      "name": "AHRS + ADS-B"
    },
    {
      "elements": [
        "Compass",
        "ADSB Target Bugs Only",
        "ADSB Target Bugs",
        "ADSB Reticles"
      ],
      "name": "Traffic"
    },
    {
      "elements": [
        "Traffic List"
      ],
      "name": "Traffic List"
    },
    {
      "elements": [
        "Time"
      ],
      "name": "Universal Time"
    },
    {
      "elements": [
        "System Info"
      ],
      "name": "Diagnostics"
    },
    {
      "elements": [],
      "name": ""
    },
    {
      "elements": [
        "Level Reference",
        "Artificial Horizon",
        "Compass",
        "Altitude",
        "G Load",
        "Roll Indicator",
        "Groundspeed"
      ],
      "name": "AHRS Only"
    }
  ]
}