{
  "GPSLastFixSinceMidnightUTC": 32824.4,
  "GPSLatitude": 47.691265,
  "GPSLongitude": -122.367455,
  "GPSFixQuality": 1,
  "GPSHeightAboveEllipsoid": 243.74016,
  "GPSGeoidSep": -61.35171,
  "GPSSatellites": 9,
  "GPSSatellitesTracked": 19,
  "GPSSatellitesSeen": 11,
  "GPSHorizontalAccuracy": 3.8,
  "GPSNACp": 10,
  "GPSAltitudeMSL": 305.09186,
  "GPSVerticalAccuracy": 7.6,
  "GPSVerticalSpeed": -0.095144354,
  "GPSLastFixLocalTime": "0001-01-01T00:49:58.78Z",
  "GPSTrueCourse": 354.84,
  "GPSTurnRate": 0,
  "GPSGroundSpeed": 0.10044056038181484,
  "GPSLastGroundTrackTime": "0001-01-01T00:49:58.78Z",
  "GPSTime": "2018-07-01T09:07:04.1Z",
  "GPSLastGPSTimeStratuxTime": "0001-01-01T00:49:58.48Z",
  "GPSLastValidNMEAMessageTime": "0001-01-01T00:49:58.78Z",
  "GPSLastValidNMEAMessage":
    "$PUBX,00,090704.40,4741.47600,N,12222.04711,W,74.292,G3,1.9,2.7,0.186,180.21,0.029,,0.96,1.32,0.87,9,0,0*4D",
  "GPSPositionSampleRate": 9.993993993993993,
  "BaroTemperature": 37.78,
  "BaroPressureAltitude": 58.015244,
  "BaroVerticalSpeed": -2.205409,
  "BaroLastMeasurementTime": "0001-01-01T00:49:58.76Z",
  "AHRSPitch": 2.294590264855442,
  "AHRSRoll": -0.49094077491491894,
  "AHRSGyroHeading": 187741.08073051684,
  "AHRSMagHeading": 3276.7,
  "AHRSSlipSkid": 0.4754205032015842,
  "AHRSTurnRate": 3276.7,
  "AHRSGLoad": 1.0059512854947106,
  "AHRSGLoadMin": 0.25318094255492374,
  "AHRSGLoadMax": 1.1372580077533903,
  "AHRSLastAttitudeTime": "0001-01-01T00:49:58.83Z",
  "AHRSStatus": 7
}
